adjusted_lst,valueImperviousfraction,valueTreefraction,valueBuildingheight,valueNearestDistWater,valueWaterfraction,valueBuildingfraction
0.5823983249756691,0.0,0.0,0.0,0.0012984934174094516,0.0,0.0
0.6466143221029022,0.0,0.0,0.0,0.0012984934174094516,0.0,0.0
0.4847182225487518,0.0,0.0,0.0,0.0012984934174094516,0.0,0.0
0.4498856963953415,0.0,0.0,0.0,0.0012984934174094516,0.0,0.0
0.959845463020077,0.0,0.0,0.0,0.0012984934174094516,0.0,0.0
